1	conservation
2	central dogma
3	transcription
4	translation
5	DNA
6	RNA
7	protein
8	single nucleotide polymorphism
9	quantitative trait loci
10	isoform
11	CpG island
12	transcription factor
13	sequence alignment
14	genome assembly
15	motif discovery
16	gene finding
17	molecular evolution
18	genome-wide association studies
19	protein secondary structure
20	protein tertriary structure
21	RNA secondary structure
22	differential expression
23	binding site
24	regulatory network
25	protein-protein interaction
26	microarray
27	RNA-seq
28	ChIP-seq
29	yeast 2-hybrid
30	shotgun sequencing
31	position weight matrix 
32	BLAST
33	de Bruijin graph
34	irreproducible discovery rate
35	DESeq
36	phylogenetic tree
37	bayesian inference
38	multivariate linear model
39	additive model
40	chi-square test
41	linkage disequilibrium
42	hardy-weinberg equilibrium
43	hypothesis testing
44	false discovery rate
45	binding energy
46	energy minimization
47	homology model
48	mutual information
49	markov clustering
50	genetic algorithms
51	semi-supervised learning
52	graph theory
53	matrix multiplication
54	transfer learning
55	gradient descent
56	search
57	long short term memory networks
58	feature learning
59	conditional probability
60	bayesian network
61	decision trees
62	optimization
63	beam search
64	classification
65	knowledge graph
66	recurrent neural networks
67	imagenet
68	deep Q-network
69	attention models
70	logistic regression
71	data structures and algorithms
72	k means
73	bio text mining
74	preprocessing
75	neural networks
76	gated recurrent units
77	relation extraction
78	vector representations
79	linear algebra
80	cross entropy
81	linear regression
82	support vector machines
83	singular value decomposition
84	Unsupervised learning
85	Sampling
86	Naive Bayes
87	Hidden Markov Models
88	edit distance
89	information theory
90	multi-task learning
91	robotics
92	perceptron
93	Principal Component Analysis
94	clustering
95	convolutional neural network
96	dynamic programming
97	maximum likelihood estimation
98	expectation maximization algorithm
99	gibbs sampling
100	markov chain monte carlo