1	Artificial Intelligence
2	Cognitive Science and Neuroscience
3	Image Processing
4	Computer graphics
5	Pattern Recognition or Machine Learning
6	Image Representation
7	Stereo Matching and 3D Reconstruction
8	Motion Detection and Tracking
9	edge detection
10	segmentation
11	contour and silhouette
12	texture
13	feature extraction
14	local features or blob
15	Camera calibration or resectioning
16	Image Registration
17	feature matching
18	Background Subtraction
19	background modeling and update
20	color space
21	Hue
22	Saturation
23	Color Constancy
24	illumination
25	Reflectance Model
26	Shading Analysis
27	Imaging Geometry and Physics
28	Perspective projection
29	radiance
30	irradiance
31	intensity
32	diffuse surface
33	Specular Surfaces
34	interreflection
35	Reflectance Map
36	texture classification
37	shape from texture
38	graph rendering
39	image compression
40	statistical methods
41	model based methods
42	entropy
43	energy
44	contrast
45	Gibbs sampling
46	control points
47	knot points
48	basis function
49	interpolation
50	Regression
51	Image thresholding
52	connected component
53	mathematical morphology
54	structuring elements
55	clustering
56	region adjacency graphs
57	sub-sampling
58	Scale Space
59	occlusion
60	corner detection
61	Second moment matrix or autocorrelation
62	intra-class variability
63	inter-class similarity
64	Face detection
65	ensemble classifier
66	passive sensing
67	dense depth
68	Epipolar Geometry
69	Rectification
70	Gaussian Mixture Model
71	Particle Filters
72	color histogram
73	Fourier transform
74	Template Matching
75	Convolutional Neural Network
76	Backpropagation
77	Pinhole Camera Model
78	Bidirectional Reflectance Distribution Function
79	Lambertian surfaces
80	Structure from motion
81	Optical flow
82	Frenet frame and Frenet equations
83	V1 visual cortex
84	Projective Geometry
85	projective plane
86	Pose Estimation
87	trifocal tensor
88	Video and Image augmentation
89	Euclidean reconstruction
90	affine reconstruction
91	radial distortion
92	absolute conic
93	vanishing points
94	vanishing lines
95	single view reconstruction
96	fundamental matrix
97	triangulation
98	Sampson approximation
99	bas relief ambiguity
100	projective factorization
101	Carlssonâ€“Weinshall duality
102	multi view geometry
103	Object Localization
104	Representation Learning
105	Visual Odometry
106	image classification
107	image generation
108	image to image translation
109	image inpainting
110	domain adaptation
111	keypoint detection
112	autonomous driving
113	Simultaneous Localization and Mapping
114	denoising
115	video prediction
116	video classification
117	action or gesture recognition
118	face recognition
119	face alignment
120	depth estimation
121	few-shot learning
122	zero-shot learning
123	dimensionality reduction
124	image retrieval
125	quantization
126	Scene understanding and scene parsing
127	object recognition
128	style transfer
129	image captioning
130	visual question answering
131	emotion recognition
132	contrastive learning
133	image restoration
134	optical character recognition
135	saliency detection
136	saliency prediction
137	trajectory prediction
138	image enhancement
139	deblurring and dehazing
140	crowd counting
141	hyperspectral image
142	eye tracking
143	gaze estimation
144	remote sensing
145	human parsing
146	image matting
147	video summarization
148	camera localization
149	smoothing
150	convolution
151	gradient
152	genetic algorithms
153	semi-supervised learning
154	graph theory
155	matrix multiplication
156	transfer learning
157	gradient descent
158	theory of computation
159	search
160	long short term memory networks
161	reinforcement learning
162	seq2seq
163	feature learning
164	conditional probability
165	bayesian network
166	decision trees
167	optimization
168	beam search
169	classification
170	knowledge graph
171	recurrent neural networks
172	imagenet
173	deep Q-network
174	attention models
175	logistic regression
176	data structures and algorithms
177	information retrieval
178	k means
179	bio text mining
180	preprocessing
181	neural networks
182	gated recurrent units
183	relation extraction
184	vector representations
185	linear algebra
186	cross entropy
187	named entity recognition
188	linear regression
189	support vector machines
190	singular value decomposition
191	Unsupervised learning
192	Sampling
193	Naive Bayes
194	Hidden Markov Models
195	edit distance
196	question answering
197	information theory
198	multi-task learning
199	robotics
200	perceptron
201	object detection