1|spelling correction
2|structured prediction
3|pointer networks
4|spectral methods
5|graph convolutional networks
6|syntax
7|markov decision processes
8|sentiment analysis
9|planning
10|calculus
11|shallow parsing
12|harmonic functions
13|language identification
14|semi-supervised learning
15|dialog systems
16|event detection
17|cky parsing
18|a* search
19|automated essay scoring
20|matrix multiplication
21|phrase based machine translation
22|neural turing machine
23|graph theory
24|semantic parsing
25|thesaurus-based similarity
26|statistical machine translation
27|greedy algorithms
28|parts of speech
29|context sensitive grammar
30|memory networks
31|genetic algorithms
32|transfer learning
33|structured learning
34|named entity recognition
35|lexical semantics
36|collaborative filtering
37|evaluation of language modeling
38|bias-variance
39|mathematical models
40|generative adversarial networks
41|bag of words model
42|gradient descent
43|convolutional neural network
44|morphological disambiguation
45|entropy
46|question answering
47|class logistics
48|toolkits for information retrieval
49|computational phonology
50|classic parsing methods
51|deep learning tools
52|chinese nlp
53|speech processing
54|discourse analysis
55|q learning
56|dependency parsing
57|prosody
58|bagging
59|domain adaptation
60|transliteration
61|document ranking
62|question answering
63|programming languages
64|facial recognition systems
65|neural question answering
66|particle filter
67|combinatory categorial grammar
68|nn sequence parsing
69|evaluation of information retrieval
70|nlp for biology
71|structured sparsity
72|multilingual word embedding
73|one-shot learning
74|others
75|theory of computation
76|paraphrasing
77|search
78|multi-modal learning
79|uncertainty
80|neural summarization
81|chat bots
82|information theory
83|multi-task learning
84|transition based dependency parsing
85|summarization evaluation
86|inference
87|long short term memory networks
88|robotics
89|reinforcement learning
90|social network extraction
91|learning
92|social media analysis
93|perceptron
94|discourse model
95|sentence simplification
96|recursive neural networks
97|probabilities
98|variational bayes models
99|monte carlo tree search
100|recursive neural network
101|logic and logical agents
102|data structures
103|informed search
104|seq2seq
105|linguistics basics
106|feature learning
107|conditional probability
108|bayesian network
109|decision trees
110|problem solving and search
111|hidden markov models
112|optimization
113|tokenization
114|generative and discriminative models
115|crawling the web
116|speech recognition
117|neural language modeling
118|word distributions
119|predicate logic
120|object detection
121|gibbs sampling
122|maximum likelihood estimation
123|random forest
124|wordnet
125|beam search
126|regularization
127|bidirectional recurrent neural networks
128|tree adjoining grammar
129|robotic locomotion
130|classification
131|supertagging
132|finite state transducers
133|computer vision
134|stemming
135|context free grammar
136|radial basis function network
137|probabilistic grammars
138|attention models
139|random walks
140|dual decomposition
141|constraint satisfaction
142|syntaxnet
143|k-nn
144|variational autoencoders
145|discourse parsing
146|knowledge graph
147|evaluation of question answering
148|normalization
149|recurrent neural networks
150|text summarization
151|bootstrapping
152|bayes theorem
153|capsule networks
154|text similarity
155|backpropagation
156|imagenet
157|logic and reasoning
158|search engine indexing
159|part of speech tagging
160|n-gram models
161|search engines
162|statistical parsing
163|sentence representations
164|vector semantics
165|activation functions
166|machine translation
167|context-sensitive grammars
168|heuristic search
169|caption generation
170|highway networks
171|earley parsing
172|deep Q-network
173|newton method
174|reading comprehension
175|ensemble learning
176|word embedding
177|latent dirichlet allocation
178|python
179|kernel function
180|log-linear models
181|semi supervised learning
182|parsing
183|convolutional neural networks
184|spectral clustering
185|morphology and semantics in machine translation
186|regular expressions
187|deep learning introduction
188|scientific article summarization
189|sequence classification and conditional random fields
190|logistic regression
191|data structures and algorithms
192|unlexicalized parsing
193|machine learning resources
194|expert systems
195|linear programming
196|weakly-supervised learning
197|information retrieval
198|monte carlo methods
199|topic modeling
200|sentence boundary recognition
201|machine translation techniques
202|neural machine translation
203|k means
204|document representation
205|penn treebank
206|citation networks
207|lexicography
208|latent variable models
209|character level language models
210|text generation
211|computation theory
212|bio text mining
213|recommendation system
214|dual problems
215|morphology and lexicon
216|edit distance
217|preprocessing
218|context free grammars
219|probabilistic context free grammars
220|neural networks
221|game playing in ai
222|lexicalized parsing
223|graph-based nlp
224|handwriting recognition
225|gated recurrent units
226|dimensionality reduction
227|clustering
228|speech synthesis
229|relation extraction
230|markov chain monte carlo
231|syntax based machine translation
232|course introduction
233|phonetics
234|stack lstm
235|vector representations
236|first order logic
237|matrix factorization
238|feature selection
239|nlp and vision
240|tsne
241|language modeling
242|text mining
243|graphical models
244|semantic similarity
245|noisy channel model
246|pagerank
247|query expansion
248|word segmentation
249|text to speech generation
250|dynamic programming
251|the ibm models
252|statistical part of speech tagging
253|linear algebra
254|neural parsing
255|autonomous cars
256|nlp for databases
257|word sense disambiguation
258|evaluation of text classification
259|semantic role labeling
260|random walks and harmonic functions
261|cross entropy
262|finite state machines
263|chomsky hierarchy
264|named entity recognition
265|dependency syntax
266|speech signal analysis
267|training neural networks
268|grammar checker
269|information extraction
270|linear discriminant analysis
271|adversarial search
272|propositional logic
273|natural language processing intro
274|parsing evaluation
275|image retrieval
276|loss function
277|kernels
278|nlp for the humanities
279|policy gradient methods
280|agent-based view of ai
281|latent semantic indexing
282|shift-reduce parsing
283|first-order logic
284|multi-agent systems
285|support vector machines
286|linear regression
287|knowledge representation
288|expectation maximization algorithm
289|entailment
290|kullback leibler divergence
291|evaluation of dependency parsing
292|singular value decomposition
293|Markov Random Fields
294|Variable Elimination
295|Message Passing
296|Gaussian graphical models
297|State Space Models
298|Belief Propagation
299|Mean Field Approximation
300|Dirichlet Processes
301|Hilbert Space
302|Kernel Graphical Models
303|KKT conditions
304|Lagrange duality
305|Markov chains
306|Unsupervised learning
307|tools for dl
308|Variations of GANs
309|Meta-Learning
310|Mixture Models
311|Manifold Learning
312|AlphaGo
313|Autoencoders
314|Restricted Boltzmann machine, deep belief networks
315|Principal Component Analysis
316|Sampling
317|Canonical Correlation Analysis
318|Visual QA
319|Sequence to sequence
320|ResNet
321|Naive Bayes
322|word embedding variations
